INSERT INTO Performers(id,Performer)
	VALUES
		(1,'Кино'),
		(2,'ДДТ'),
		(3,'Алиса'),
		(4,'Аквариум'),
		(5,'Машина времени'),
		(6,'Земфира'),
		(7,'Сплин'),
		(8,'Би-2');

INSERT INTO Names_of_performers(id, Artist_name, CategoryId)
	VALUES
		(1, 'Виктор Цой', 1),
		(2, 'Юрий Шевчук', 2),
		(3, 'Константин Кинчев', 3),
		(4, 'Борис Гребенщиков', 4),
		(5, 'Андрей Макаревич', 5),
		(6, 'Земфира Талгатовна', 6),
		(7, 'Александр Васильев', 7),
		(8, 'Алексндр Уман', 8);

INSERT INTO Albums(id, Album_title, Year_of_issue)
	VALUES
			(1, 'Группа крови', 1988),
			(2, 'Машинально', 2004),
			(3, 'Место, где свет', 2001),
			(4, 'Актриса весна', 1992),
			(5, 'Greatest Hits', 2015),
			(6, 'Сейчас позднее, чем ты думаешь', 2003),
			(7, '46', 1983),
			(8, 'Бордерлайн', 2021),
			(9, 'Встречная полоса', 2018),
			(10, 'Мяу кисс ми', 2001);

INSERT INTO List_of_songs(id, Song_title,Duration, Album_id)
	VALUES
			(1,'Войны', 290, 1),
			(2,'Не дай мне упасть', 149, 2),
			(3,'Меня заказали', 132 , 3),
			(4,'Что такое осень', 287, 4),
			(5,'Поезд в огне', 249, 5),
			(6,'Небо славян', 281, 6),
			(7,'Восьмиклассница', 164, 7),
			(8,'Этим летом', 189, 8),
			(9,'Шаман', 339, 9),
			(10,'Мой рок-н-ролл', 275, 10),
			(11,'Волки', 329, 10),
			(12,'Жди меня', 195, 8),
			(13,'На утро', 244, 9),
			(14,'Храм', 330, 4),
			(15,'Пальто', 275, 8);

INSERT INTO Genres(id,Genre)
	VALUES
			(1,'Русский рок'),
			(2,'Новая волна'),
			(3,'Хард-рок'),
			(4,'Электроник-рок'),
			(5,'Поп-рок');

INSERT INTO Performers_and_Genre_ID(id,Performers_id,Genre_id)
	VALUES
			(1,1,1 ),
			(2,1,2 ),
			(3,2,1 ),
			(4,2,3 ),
			(5,3,2 ),
			(6,3,3 ),
			(7,3,1 ),
			(8,4,2 ),
			(9,4,1 ),
			(10,5,1 ),
			(11,6,1 ),
			(12,6,5 ),
			(13,7,1 ),
			(14,7,4 ),
			(15,7,5 ),
			(16,8,1 ),
			(17,8,5 );

INSERT INTO Collection(id,Collection_title,Year_of_issue)
	VALUES
			(1,'Ретро',2019 ),
			(2,'Золотой век',2012 ),
			(3,'Лучшие хиты',2010 ),
			(4,'Микс недели',2021 ),
			(5,'Микс месяца',2021 ),
			(6,'This is Сплин', 2020 ),
			(7,'Любимые треки',2021 ),
			(8,'Русский рок',2019 );

INSERT INTO Collection_and_song_ID(id,Collection_ID,Song_ID)
	VALUES
			(1,1,5),
			(2,1,4),
			(3,2,2),
			(4,2,3),
			(5,2,6),
			(6,3,7),
			(7,3,1),
			(8,4,10),
			(9,4,15),
			(10,5,12),
			(11,6,9),
			(12,7,3),
			(13,8,13);

INSERT INTO Artist_and_Album_ID(Id_Artist,Album_id)
	VALUES
			(1,1,1),
			(2,5,2),
			(3,5,3),
			(4,2,4),
			(5,4,5),
			(6,3,6),
			(7,1,7),
			(8,2,1),
			(9,5,6),
			(10,6,8),
			(11,7,9),
			(12,8,10);

